<setup-config>

    <templateName>WEB</templateName>
    <templateType>WEB</templateType>

    <!--
        A list of folders that the setup tool should create. These would usually be folders that the project needs but don't make sense to commit to version control. For example, a log folder.
    -->
    <folders>
        <folder name=".\adm" />
        <folder name=".\bin" />
        <folder name=".\dat" />
        <folder name=".\dbs" />
        <folder name=".\exp" />
        <folder name=".\ext" />
        <folder name=".\hdr" />
        <folder name=".\htm" />
        <folder name=".\log" />
        <folder name=".\lst" />
        <folder name=".\org" />
        <folder name=".\res" />
        <folder name=".\sql" />
        <folder name=".\src" />
        <folder name=".\tmp" />
        <folder name=".\web" />
        <folder name=".\web\common" />
        <folder name=".\web\css" />
        <folder name=".\web\dspjs" />
        <folder name=".\web\dtd" />
        <folder name=".\web\images" />
        <folder name=".\web\img" />
        <folder name=".\web\js" />
        <folder name=".\web\WEB-INF" />
        <folder name=".\web\xml" />
        <folder name=".\xin" />
        <folder name=".\xou" />
    </folders>

    <!--
        These files will be copied from the "from" location to the "to" location
    -->
    <templates>
        <template from="${uniface_packages_path}ProjectSetup97\project-templates\web-project\asn\dbms.asn"                    to=".\adm\dbms.asn" />
        <template from="${uniface_packages_path}ProjectSetup97\project-templates\web-project\asn\vc.asn"                      to=".\adm\vc.asn" />
        <template from="${uniface_packages_path}ProjectSetup97\project-templates\web-project\asn\web.asn"                     to=".\adm\web.asn" />

        <template from="${uniface_packages_path}ProjectSetup97\project-templates\web-project\oth\ReadMe.txt"                  to=".\adm\Dir4configurationFiles-ReadMe.txt" />
        <template from="${uniface_packages_path}ProjectSetup97\project-templates\web-project\oth\ReadMe.txt"                  to=".\bin\Dir4externalExeDll-ReadMe.txt" />
        <template from="${uniface_packages_path}ProjectSetup97\project-templates\web-project\oth\ReadMe.txt"                  to=".\dat\Dir4dataToBeLoaded-ReadMe.txt" />
        <template from="${uniface_packages_path}ProjectSetup97\project-templates\web-project\dat\usysprf.xml"                 to=".\dat\usysprf.xml" />
        <template from="${uniface_packages_path}ProjectSetup97\project-templates\web-project\dat\uusrprf.xml"                 to=".\dat\uusrprf.xml" />
        <template from="${uniface_packages_path}ProjectSetup97\project-templates\web-project\oth\ReadMe.txt"                  to=".\dbs\Dir4databaseFilesOnFileSystem-ReadMe.txt" />
        <template from="${uniface_packages_path}ProjectSetup97\project-templates\web-project\oth\ReadMe.txt"                  to=".\exp\Dir4exportFiles-ReadMe.txt" />
        <template from="${uniface_packages_path}ProjectSetup97\project-templates\web-project\oth\ReadMe.txt"                  to=".\ext\Dir4extensionFiles-ReadMe.txt" />
        <template from="${uniface_packages_path}ProjectSetup97\project-templates\web-project\oth\ReadMe.txt"                  to=".\hdr\Dir4headersAnd3glSourceFiles-ReadMe.txt" />
        <template from="${uniface_packages_path}ProjectSetup97\project-templates\web-project\oth\ReadMe.txt"                  to=".\htm\Dir4htmlFiles-ReadMe.txt" />
        <template from="${uniface_packages_path}ProjectSetup97\project-templates\web-project\oth\ReadMe.txt"                  to=".\log\Dir4logFiles-ReadMe.txt" />
        <template from="${uniface_packages_path}ProjectSetup97\project-templates\web-project\oth\ReadMe.txt"                  to=".\lst\Dir4listingFiles-ReadMe.txt" />
        <template from="${uniface_packages_path}ProjectSetup97\project-templates\web-project\oth\ReadMe.txt"                  to=".\org\Dir4externalOriginalFiles-ReadMe.txt" />
        <template from="${uniface_packages_path}ProjectSetup97\project-templates\web-project\oth\ReadMe.txt"                  to=".\res\Dir4unifaceResourcesFiles-ReadMe.txt" />
        <template from="${uniface_packages_path}ProjectSetup97\project-templates\web-project\oth\ReadMe.txt"                  to=".\sql\Dir4sqlFiles-ReadMe.txt" />
        <template from="${uniface_packages_path}ProjectSetup97\project-templates\web-project\oth\ReadMe.txt"                  to=".\src\Dir4toFromVersionControlFiles-ReadMe.txt" />
        <template from="${uniface_packages_path}ProjectSetup97\project-templates\web-project\oth\ReadMe.txt"                  to=".\tmp\Dir4temporaryFiles-ReadMe.txt" />
        <template from="${uniface_packages_path}ProjectSetup97\project-templates\web-project\oth\ReadMe.txt"                  to=".\web\Dir4baseWebFiles-ReadMe.txt" />
        <template from="${uniface_packages_path}ProjectSetup97\project-templates\web-project\oth\ReadMe.txt"                  to=".\web\css\Dir4CSSfiles-ReadMe.txt" />
        <template from="${uniface_packages_path}ProjectSetup97\project-templates\web-project\oth\ReadMe.txt"                  to=".\web\dspjs\Dir4customJS-ReadMe.txt" />
        <template from="${uniface_packages_path}ProjectSetup97\project-templates\web-project\oth\ReadMe.txt"                  to=".\web\dtd\Dir4DTDfiles-ReadMe.txt" />
        <template from="${uniface_packages_path}ProjectSetup97\project-templates\web-project\oth\ReadMe.txt"                  to=".\web\img\Dir4imagesFiles-ReadMe.txt" />
        <template from="${uniface_packages_path}ProjectSetup97\project-templates\web-project\oth\ReadMe.txt"                  to=".\web\images\Dir4imagesFiles-ReadMe.txt" />
        <template from="${uniface_packages_path}ProjectSetup97\project-templates\web-project\oth\ReadMe.txt"                  to=".\web\js\Dir4genericJSFiles-ReadMe.txt" />
        <template from="${uniface_packages_path}ProjectSetup97\project-templates\web-project\oth\ReadMe.txt"                  to=".\web\xml\Dir4xmlFiles-ReadMe.txt" />

        <template from="${uniface_path}uniface\webapps\uniface\common\"                                                       to=".\web\common\" />
        <template from="${uniface_path}uniface\webapps\uniface\css\applic.css"                                                to=".\web\css\applic.css" />
        <template from="${uniface_path}uniface\webapps\uniface\css\udsp.css"                                                  to=".\web\css\udsp.css" />
        <template from="${uniface_path}uniface\webapps\uniface\css\uniface.css"                                               to=".\web\css\uniface.css" />
        <template from="${uniface_path}uniface\webapps\uniface\WEB-INF\"                                                      to=".\web\WEB-INF\" />
        <template from="${uniface_packages_path}ProjectSetup97\project-templates\web-project\oth\ReadMe.txt"                  to=".\web\WEB-INF\wsdl\Dir4wsdlFiles-ReadMe.txt" />

        <template from="${uniface_path}uniface\webapps\uniface\img\"                                                          to=".\web\img\" />

        <template from="${uniface_packages_path}ProjectSetup97\project-templates\web-project\oth\ReadMe.txt"                  to=".\xin\Dir4inputInterchangeFiles-ReadMe.txt" />
        <template from="${uniface_packages_path}ProjectSetup97\project-templates\web-project\oth\ReadMe.txt"                  to=".\xou\Dir4outputInterchangeFiles-ReadMe.txt" />

    </templates>

    <!--
        These files will be copied from the "from" location to the "to" location with values substituted for the local environment
    -->
    <templates>
        <template from="${uniface_packages_path}ProjectSetup97\project-templates\web-project\asn\templates\include.asn.template"     to=".\adm\include.asn" />
        <template from="${uniface_packages_path}ProjectSetup97\project-templates\web-project\asn\templates\userver.asn.template"     to=".\adm\${project_name}.asn" />
        <template from="${uniface_packages_path}ProjectSetup97\project-templates\web-project\asn\templates\udbg.asn.template"        to=".\adm\udbg.asn" />
        <template from="${uniface_packages_path}ProjectSetup97\project-templates\web-project\asn\templates\usys.asn.template"        to=".\adm\usys.asn" />
        <template from="${uniface_packages_path}ProjectSetup97\project-templates\web-project\asn\templates\urouter.asn.template"     to=".\adm\urouter.asn" />
        <template from="${uniface_packages_path}ProjectSetup97\project-templates\web-project\asn\templates\idf.asn.template"         to=".\adm\idf.asn" />
        <template from="${uniface_packages_path}ProjectSetup97\project-templates\web-project\asn\templates\setup.asn.template"       to=".\adm\setup.asn" />
        <template from="${uniface_packages_path}ProjectSetup97\project-templates\web-project\asn\templates\usys.ini.template"        to=".\adm\usys.ini" />

        <template from="${uniface_packages_path}ProjectSetup97\project-templates\web-project\web\WEB-INF\templates\web.xml.template" to=".\web\WEB-INF\web.xml" />
    </templates>

    <!--
        These files will be copied from the "from" location to the "to" location; if copied in .\sql\ later will be executed on $IDF path ...
    -->
    <sql-templates-IDF>
        <template from="${uniface_packages_path}ProjectSetup97\project-templates\web-project\sql\VC_SLE_tables.sql"           to=".\sql\VC_SLE_tables.sql" />
    </sql-templates-IDF>

    <!--
        These files will be copied from the "from" location to the "to" location; if copied in .\sql\ later will be executed on $SYS path ...
    -->
    <sql-templates-SYS>
        <!--
            <template from="${uniface_packages_path}ProjectSetup97\project-templates\web-project\sql\MyOtherScript.sql"       to=".\sql\MyOtherScript.sql" />
        -->
    </sql-templates-SYS>

    <!--
        These files will be copied from the "from" location to the "to" location; if copied in .\sql\ later will be executed on $DEF path ...
    -->
    <sql-templates-DEF>
        <!--
            <template from="${uniface_packages_path}ProjectSetup97\project-templates\web-project\sql\MyFurtherScript.sql"     to=".\sql\MyFurtherScript.sql" />
        -->
    </sql-templates-DEF>

    <!--
        These files will be copied from "location" into the local Tomcat installation directory with values substituted in for the local environment
    -->
    <web-templates>
        <template from="${uniface_packages_path}ProjectSetup97\project-templates\web-project\web\WEB-INF\templates\projectname.xml.template"        to="${projectname}.xml" />
	    <!-- I never was able to get this option working to avoid duplicating "common" standard tree folder; it is substituted from tree folder duplication: see before...
	        <template from="${uniface_packages_path}ProjectSetup97\project-templates\web-project\web\WEB-INF\templates\projectname#common.xml.template" to="${projectname}#common.xml" />
	        <template from="${uniface_packages_path}ProjectSetup97\project-templates\web-project\web\WEB-INF\templates\projectname#css.xml.template"    to="${projectname}#css.xml" />
	        <template from="${uniface_packages_path}ProjectSetup97\project-templates\web-project\web\WEB-INF\templates\projectname#imgs.xml.template"   to="${projectname}#imgs.xml" />
	    -->
    </web-templates>

    <!-- Specify where your project urouter.asn file is so it can be included in the main urouter.asn -->
    <urouter-asn location=".\adm\urouter.asn" />

    <build-switches ini=".\adm\usys.ini" asn=".\adm\setup.asn" debug="0" />

    <!-- Run table creation scripts on $IDF:
         any files copied into .\sql folder are executed via Uniface sql command
         each file is executed on $path identified from section where it was initially defined:
         templates-sql-IDF on $IDF
    -->

    <!-- Import Uniface source -->
    <import-defaults>1</import-defaults>

    <!-- Import Uniface meta dictionary -->
    <import-meta-dict>1</import-meta-dict>

    <!-- Run table creation scripts on $SYS:
         any files copied into .\sql folder are executed via Uniface sql command
         each file is executed on $path identified from section where it was initially defined:
         templates-sql-SYS on $SYS
    -->

    <!-- Sources available into .\src tree as VersionControl files are automatically imported (See Uniface VC & MetaTools extension) -->
    <do-import>1</do-import>

    <!-- Run table creation scripts on $DEF:
         any files copied into .\sql folder are executed via Uniface sql command
         each file is executed on $path identified from section where it was initially defined:
         templates-sql-DEF on $DEF
    -->

    <!-- Import application data from XML -->
    <data-import-files>
        <xmlfile location=".\dat\usysprf.xml" path="SYS" />
        <xmlfile location=".\dat\uusrprf.xml" path="SYS" />
    </data-import-files>

    <do-compile>1</do-compile>

    <shortcuts>
        <shortcut name='${project_name} Web Project Development' target='"%USYS97%\common\bin\idf.exe"'  args='/dir=${project_path} /adm=${project_path}adm ?' />
        <shortcut name='${project_name} Web Project Debug'       target='"%USYS97%\common\bin\udbg.exe"' args='/dir=${project_path} /adm=${project_path}adm /deb=${debugmachine}+${debugport}:create' />
    </shortcuts>

    <warnings>
	<warning name="IsWebProject"         value="1" />
	<warning name="CheckingVirtualStore" value="1" />
	<warning name="UsingWebTemplates"    value="1" />
    </warnings>

</setup-config>
