<?xml version='1.0' encoding='UTF-8' ?>
<!-- Created by Uniface - (C) Uniface B.V. All rights reserved -->
<!DOCTYPE UNIFACE PUBLIC "UNIFACE.DTD" "UNIFACE.DTD">
<UNIFACE release="9.7" xmlengine="2.0">
<TABLE>
<DSC name="UUSRPRF" model="SYSENV" system="S" pseudo ="83" level="1" noupdate="0"
 rbk="0" ffsql="0" transnr="0" segsize="0" ufocc="0" charset=".U">
<FLD name="UTIMESTAMP" seqno="1" type="E" level="2" pack="0" scale="0" length="15"
 pointer="0" inum="0" ufocc="0" />
<FLD name="LOCID" seqno="2" type="S" level="2" pack="0" scale="0" length="16"
 pointer="0" inum="1" ufocc="0" mandatory="yes" idxnum="1" idxsnr="101" />
<FLD name="LOCTYPE" seqno="3" type="S" level="2" pack="0" scale="0" length="1"
 pointer="0" inum="1" ufocc="0" mandatory="yes" idxnum="1" idxsnr="102" />
<FLD name="PREFID" seqno="4" type="S" level="2" pack="0" scale="0" length="16"
 pointer="0" inum="1" ufocc="0" mandatory="yes" idxnum="1" idxsnr="103" />
<FLD name="UUSERNAME" seqno="5" type="S" level="2" pack="0" scale="0" length="16"
 pointer="0" inum="2" ufocc="0" mandatory="yes" idxnum="1,2" idxsnr="104,1" />
<FLD name="UUSERTYPE" seqno="6" type="S" level="2" pack="0" scale="0" length="1"
 pointer="0" inum="1" ufocc="0" idxnum="2" idxsnr="2" />
<FLD name="ACTVAL" seqno="7" type="S" level="2" pack="141" scale="0" length="0"
 pointer="0" inum="0" ufocc="0" varinfo=",1,0,2,\1F\C1,0,0,0,,0,0,0,," />
</DSC>
<OCC>
<DAT name="UTIMESTAMP">2016-02-26T18:26:36.00</DAT>
<DAT name="LOCID">GLOBAL</DAT>
<DAT name="LOCTYPE">E</DAT>
<DAT name="PREFID">TMPL_SHND</DAT>
<DAT name="UUSERNAME">USER</DAT>
<DAT name="ACTVAL">1</DAT>
</OCC>
<OCC>
<DAT name="UTIMESTAMP">2016-02-26T18:26:36.00</DAT>
<DAT name="LOCID">GLOBAL</DAT>
<DAT name="LOCTYPE">E</DAT>
<DAT name="PREFID">ACTIVE_GROUP</DAT>
<DAT name="UUSERNAME">USER</DAT>
<DAT name="ACTVAL">WORLD</DAT>
</OCC>
<OCC>
<DAT name="UTIMESTAMP">2016-02-26T18:26:36.00</DAT>
<DAT name="LOCID">GLOBAL</DAT>
<DAT name="LOCTYPE">E</DAT>
<DAT name="PREFID">BAR_COLOR</DAT>
<DAT name="UUSERNAME">USER</DAT>
<DAT name="ACTVAL">25</DAT>
</OCC>
<OCC>
<DAT name="UTIMESTAMP">2016-02-26T18:26:36.00</DAT>
<DAT name="LOCID">GLOBAL</DAT>
<DAT name="LOCTYPE">E</DAT>
<DAT name="PREFID">AUTO_ACTION_M</DAT>
<DAT name="UUSERNAME">USER</DAT>
<DAT name="ACTVAL">111</DAT>
</OCC>
<OCC>
<DAT name="UTIMESTAMP">2016-02-26T18:26:36.00</DAT>
<DAT name="LOCID">GLOBAL</DAT>
<DAT name="LOCTYPE">E</DAT>
<DAT name="PREFID">AUTO_ACTION_O</DAT>
<DAT name="UUSERNAME">USER</DAT>
<DAT name="ACTVAL">011</DAT>
</OCC>
<OCC>
<DAT name="UTIMESTAMP">2016-02-26T18:26:36.00</DAT>
<DAT name="LOCID">GLOBAL</DAT>
<DAT name="LOCTYPE">E</DAT>
<DAT name="PREFID">DEFAULT_CONC</DAT>
<DAT name="UUSERNAME">USER</DAT>
</OCC>
<OCC>
<DAT name="UTIMESTAMP">2016-02-26T18:26:36.00</DAT>
<DAT name="LOCID">GLOBAL</DAT>
<DAT name="LOCTYPE">E</DAT>
<DAT name="PREFID">DEFAULT_EXTN</DAT>
<DAT name="UUSERNAME">USER</DAT>
</OCC>
<OCC>
<DAT name="UTIMESTAMP">2016-11-16T00:21:11.00</DAT>
<DAT name="LOCID">GLOBAL</DAT>
<DAT name="LOCTYPE">E</DAT>
<DAT name="PREFID">DEFAULT_LIBR</DAT>
<DAT name="UUSERNAME">USER</DAT>
<DAT name="ACTVAL">GSX_LIBRARY</DAT>
</OCC>
<OCC>
<DAT name="UTIMESTAMP">2016-02-26T18:26:36.00</DAT>
<DAT name="LOCID">GLOBAL</DAT>
<DAT name="LOCTYPE">E</DAT>
<DAT name="PREFID">DEFAULT_APPL</DAT>
<DAT name="UUSERNAME">USER</DAT>
</OCC>
<OCC>
<DAT name="UTIMESTAMP">2016-02-26T18:26:36.00</DAT>
<DAT name="LOCID">GLOBAL</DAT>
<DAT name="LOCTYPE">E</DAT>
<DAT name="PREFID">DEFAULT_OBJECT</DAT>
<DAT name="UUSERNAME">USER</DAT>
<DAT name="ACTVAL">1</DAT>
</OCC>
<OCC>
<DAT name="UTIMESTAMP">2016-02-26T18:26:36.00</DAT>
<DAT name="LOCID">GLOBAL</DAT>
<DAT name="LOCTYPE">E</DAT>
<DAT name="PREFID">LASTUSED_OBJECT</DAT>
<DAT name="UUSERNAME">USER</DAT>
<DAT name="ACTVAL">1</DAT>
</OCC>
<OCC>
<DAT name="UTIMESTAMP">2016-12-14T21:21:21.00</DAT>
<DAT name="LOCID">GLOBAL</DAT>
<DAT name="LOCTYPE">E</DAT>
<DAT name="PREFID">GFP_OPTIONS</DAT>
<DAT name="UUSERNAME">USER</DAT>
<DAT name="ACTVAL">11111001111100101101000000100</DAT>
</OCC>
<OCC>
<DAT name="UTIMESTAMP">2016-12-26T20:34:15.00</DAT>
<DAT name="LOCID">GLOBAL</DAT>
<DAT name="LOCTYPE">E</DAT>
<DAT name="PREFID">TE_OPTIONS</DAT>
<DAT name="UUSERNAME">USER</DAT>
<DAT name="ACTVAL">1111010</DAT>
</OCC>
<OCC>
<DAT name="UTIMESTAMP">2016-02-26T18:26:36.00</DAT>
<DAT name="LOCID">GLOBAL</DAT>
<DAT name="LOCTYPE">E</DAT>
<DAT name="PREFID">VERBOSE</DAT>
<DAT name="UUSERNAME">USER</DAT>
<DAT name="ACTVAL">1</DAT>
</OCC>
<OCC>
<DAT name="UTIMESTAMP">2016-02-26T18:26:36.00</DAT>
<DAT name="LOCID">GLOBAL</DAT>
<DAT name="LOCTYPE">E</DAT>
<DAT name="PREFID">NEW_MODE</DAT>
<DAT name="UUSERNAME">USER</DAT>
<DAT name="ACTVAL">A</DAT>
</OCC>
<OCC>
<DAT name="UTIMESTAMP">2016-02-26T18:26:36.00</DAT>
<DAT name="LOCID">GLOBAL</DAT>
<DAT name="LOCTYPE">E</DAT>
<DAT name="PREFID">START_WORKBENCH</DAT>
<DAT name="UUSERNAME">USER</DAT>
<DAT name="ACTVAL">0CONC</DAT>
</OCC>
<OCC>
<DAT name="UTIMESTAMP">2016-02-26T18:26:36.00</DAT>
<DAT name="LOCID">GLOBAL</DAT>
<DAT name="LOCTYPE">E</DAT>
<DAT name="PREFID">ORDER_BY</DAT>
<DAT name="UUSERNAME">USER</DAT>
<DAT name="ACTVAL">0</DAT>
</OCC>
<OCC>
<DAT name="UTIMESTAMP">2016-02-26T18:26:36.00</DAT>
<DAT name="LOCID">GLOBAL</DAT>
<DAT name="LOCTYPE">E</DAT>
<DAT name="PREFID">START_EXTN</DAT>
<DAT name="UUSERNAME">USER</DAT>
<DAT name="ACTVAL">UUEXTN23</DAT>
</OCC>
<OCC>
<DAT name="UTIMESTAMP">2016-02-26T18:26:36.00</DAT>
<DAT name="LOCID">GLOBAL</DAT>
<DAT name="LOCTYPE">E</DAT>
<DAT name="PREFID">START_INTN</DAT>
<DAT name="UUSERNAME">USER</DAT>
<DAT name="ACTVAL">UUCREA12</DAT>
</OCC>
<OCC>
<DAT name="UTIMESTAMP">2016-02-26T18:26:36.00</DAT>
<DAT name="LOCID">GLOBAL</DAT>
<DAT name="LOCTYPE">E</DAT>
<DAT name="PREFID">START_CONC</DAT>
<DAT name="UUSERNAME">USER</DAT>
<DAT name="ACTVAL">UUENTC20</DAT>
</OCC>
<OCC>
<DAT name="UTIMESTAMP">2016-02-26T18:26:36.00</DAT>
<DAT name="LOCID">GLOBAL</DAT>
<DAT name="LOCTYPE">E</DAT>
<DAT name="PREFID">START_RNTM</DAT>
<DAT name="UUSERNAME">USER</DAT>
</OCC>
<OCC>
<DAT name="UTIMESTAMP">2016-02-26T18:26:36.00</DAT>
<DAT name="LOCID">GLOBAL</DAT>
<DAT name="LOCTYPE">E</DAT>
<DAT name="PREFID">START_DVLP</DAT>
<DAT name="UUSERNAME">USER</DAT>
<DAT name="ACTVAL">UUUPRF20</DAT>
</OCC>
<OCC>
<DAT name="UTIMESTAMP">2016-02-26T18:26:36.00</DAT>
<DAT name="LOCID">GLOBAL</DAT>
<DAT name="LOCTYPE">E</DAT>
<DAT name="PREFID">OPEN_MODE</DAT>
<DAT name="UUSERNAME">USER</DAT>
<DAT name="ACTVAL">0</DAT>
</OCC>
<OCC>
<DAT name="UTIMESTAMP">2016-11-16T00:21:11.00</DAT>
<DAT name="LOCID">GLOBAL</DAT>
<DAT name="LOCTYPE">E</DAT>
<DAT name="PREFID">DEFAULT_LANG</DAT>
<DAT name="UUSERNAME">USER</DAT>
<DAT name="ACTVAL">ITA</DAT>
</OCC>
<OCC>
<DAT name="UTIMESTAMP">2016-03-31T10:00:04.00</DAT>
<DAT name="LOCID">GLOBAL</DAT>
<DAT name="LOCTYPE">E</DAT>
<DAT name="PREFID">DEFAULT_GUI</DAT>
<DAT name="UUSERNAME">USER</DAT>
<DAT name="ACTVAL">MSW</DAT>
</OCC>
<OCC>
<DAT name="UTIMESTAMP">2016-12-14T21:21:21.00</DAT>
<DAT name="LOCID">GLOBAL</DAT>
<DAT name="LOCTYPE">E</DAT>
<DAT name="PREFID">RENAME</DAT>
<DAT name="UUSERNAME">USER</DAT>
<DAT name="ACTVAL">0</DAT>
</OCC>
<OCC>
<DAT name="UTIMESTAMP">2016-03-31T10:00:04.00</DAT>
<DAT name="LOCID">GLOBAL</DAT>
<DAT name="LOCTYPE">E</DAT>
<DAT name="PREFID">MENU_ACCESS</DAT>
<DAT name="UUSERNAME">USER</DAT>
<DAT name="ACTVAL">111</DAT>
</OCC>
<OCC>
<DAT name="UTIMESTAMP">2016-12-09T16:21:55.00</DAT>
<DAT name="LOCID">GLOBAL</DAT>
<DAT name="LOCTYPE">E</DAT>
<DAT name="PREFID">STARTUP</DAT>
<DAT name="UUSERNAME">USER</DAT>
<DAT name="ACTVAL">DVWSNONE</DAT>
</OCC>
<OCC>
<DAT name="UTIMESTAMP">2016-02-26T18:26:36.00</DAT>
<DAT name="LOCID">GLOBAL</DAT>
<DAT name="LOCTYPE">E</DAT>
<DAT name="PREFID">LAST_OBJECT</DAT>
<DAT name="UUSERNAME">USER</DAT>
</OCC>
<OCC>
<DAT name="UTIMESTAMP">2016-02-26T18:26:36.00</DAT>
<DAT name="LOCID">GLOBAL</DAT>
<DAT name="LOCTYPE">E</DAT>
<DAT name="PREFID">LUO_SESSION</DAT>
<DAT name="UUSERNAME">USER</DAT>
<DAT name="ACTVAL">0</DAT>
</OCC>
<OCC>
<DAT name="UTIMESTAMP">2016-02-26T18:26:36.00</DAT>
<DAT name="LOCID">GLOBAL</DAT>
<DAT name="LOCTYPE">E</DAT>
<DAT name="PREFID">TESTURL</DAT>
<DAT name="UUSERNAME">USER</DAT>
<DAT name="ACTVAL">http://<utomcat_machine>:<utomcat_port>/<project_name>/wrd</DAT>
</OCC>
<OCC>
<DAT name="UTIMESTAMP">2016-12-11T09:28:44.00</DAT>
<DAT name="LOCID">GLOBAL</DAT>
<DAT name="LOCTYPE">E</DAT>
<DAT name="PREFID">TESTBROW</DAT>
<DAT name="UUSERNAME">USER</DAT>
<DAT name="ACTVAL" xml:space='preserve'><uniface_browser></DAT>
</OCC>
<OCC>
<DAT name="UTIMESTAMP">2016-02-26T18:26:36.00</DAT>
<DAT name="LOCID">GLOBAL</DAT>
<DAT name="LOCTYPE">E</DAT>
<DAT name="PREFID">HTMLEDIT</DAT>
<DAT name="UUSERNAME">USER</DAT>
</OCC>
<OCC>
<DAT name="UTIMESTAMP">2016-12-14T21:21:21.00</DAT>
<DAT name="LOCID">GLOBAL</DAT>
<DAT name="LOCTYPE">E</DAT>
<DAT name="PREFID">XMLEDIT</DAT>
<DAT name="UUSERNAME">USER</DAT>
<DAT name="ACTVAL" xml:space='preserve'><uniface_xmleditor></DAT>
</OCC>
<OCC>
<DAT name="UTIMESTAMP">2016-02-26T18:26:36.00</DAT>
<DAT name="LOCID">GLOBAL</DAT>
<DAT name="LOCTYPE">E</DAT>
<DAT name="PREFID">CMDLINE</DAT>
<DAT name="UUSERNAME">USER</DAT>
</OCC>
<OCC>
<DAT name="UTIMESTAMP">2016-02-26T18:26:36.00</DAT>
<DAT name="LOCID">GLOBAL</DAT>
<DAT name="LOCTYPE">E</DAT>
<DAT name="PREFID">ASNFILE</DAT>
<DAT name="UUSERNAME">USER</DAT>
</OCC>
<OCC>
<DAT name="UTIMESTAMP">2016-02-26T18:26:36.00</DAT>
<DAT name="LOCID">GLOBAL</DAT>
<DAT name="LOCTYPE">E</DAT>
<DAT name="PREFID">INIFILE</DAT>
<DAT name="UUSERNAME">USER</DAT>
</OCC>
<OCC>
<DAT name="UTIMESTAMP">2016-12-11T09:28:44.00</DAT>
<DAT name="LOCID">GLOBAL</DAT>
<DAT name="LOCTYPE">E</DAT>
<DAT name="PREFID">APSFILE</DAT>
<DAT name="UUSERNAME">USER</DAT>
</OCC>
<OCC>
<DAT name="UTIMESTAMP">2016-02-26T18:26:36.00</DAT>
<DAT name="LOCID">GLOBAL</DAT>
<DAT name="LOCTYPE">E</DAT>
<DAT name="PREFID">TSTGFP</DAT>
<DAT name="UUSERNAME">USER</DAT>
<DAT name="ACTVAL">0100</DAT>
</OCC>
<OCC>
<DAT name="UTIMESTAMP">2016-02-26T18:26:36.00</DAT>
<DAT name="LOCID">GLOBAL</DAT>
<DAT name="LOCTYPE">E</DAT>
<DAT name="PREFID">3TIER</DAT>
<DAT name="UUSERNAME">USER</DAT>
<DAT name="ACTVAL">3</DAT>
</OCC>
<OCC>
<DAT name="UTIMESTAMP">2016-02-26T18:26:36.00</DAT>
<DAT name="LOCID">GLOBAL</DAT>
<DAT name="LOCTYPE">E</DAT>
<DAT name="PREFID">SUBTYPEINHERIT</DAT>
<DAT name="UUSERNAME">USER</DAT>
<DAT name="ACTVAL">3</DAT>
</OCC>
<OCC>
<DAT name="UTIMESTAMP">2016-11-16T00:21:11.00</DAT>
<DAT name="LOCID">GLOBAL</DAT>
<DAT name="LOCTYPE">E</DAT>
<DAT name="PREFID">WARNFORDEF</DAT>
<DAT name="UUSERNAME">USER</DAT>
<DAT name="ACTVAL">1</DAT>
</OCC>
<OCC>
<DAT name="UTIMESTAMP">2016-12-14T21:21:21.00</DAT>
<DAT name="LOCID">GLOBAL</DAT>
<DAT name="LOCTYPE">E</DAT>
<DAT name="PREFID">HTMLFORMAT</DAT>
<DAT name="UUSERNAME">USER</DAT>
<DAT name="ACTVAL">1</DAT>
</OCC>
<OCC>
<DAT name="UTIMESTAMP">2016-12-14T21:21:21.00</DAT>
<DAT name="LOCID">GLOBAL</DAT>
<DAT name="LOCTYPE">E</DAT>
<DAT name="PREFID">HTMLLAYOUT</DAT>
<DAT name="UUSERNAME">USER</DAT>
<DAT name="ACTVAL">1</DAT>
</OCC>
<OCC>
<DAT name="UTIMESTAMP">2016-12-14T21:21:21.00</DAT>
<DAT name="LOCID">GLOBAL</DAT>
<DAT name="LOCTYPE">E</DAT>
<DAT name="PREFID">HTMLMAXOCC</DAT>
<DAT name="UUSERNAME">USER</DAT>
<DAT name="ACTVAL">25</DAT>
</OCC>
<OCC>
<DAT name="UTIMESTAMP">2016-12-14T21:21:21.00</DAT>
<DAT name="LOCID">GLOBAL</DAT>
<DAT name="LOCTYPE">E</DAT>
<DAT name="PREFID">HTMLSTARTFIRST</DAT>
<DAT name="UUSERNAME">USER</DAT>
<DAT name="ACTVAL">1</DAT>
</OCC>
<OCC>
<DAT name="UTIMESTAMP">2016-12-14T21:21:21.00</DAT>
<DAT name="LOCID">GLOBAL</DAT>
<DAT name="LOCTYPE">E</DAT>
<DAT name="PREFID">HTMLATLEASTONE</DAT>
<DAT name="UUSERNAME">USER</DAT>
<DAT name="ACTVAL">1</DAT>
</OCC>
<OCC>
<DAT name="UTIMESTAMP">2016-12-14T21:21:21.00</DAT>
<DAT name="LOCID">GLOBAL</DAT>
<DAT name="LOCTYPE">E</DAT>
<DAT name="PREFID">HTMLDOCSTYLE</DAT>
<DAT name="UUSERNAME">USER</DAT>
<DAT name="ACTVAL">1</DAT>
</OCC>
<OCC>
<DAT name="UTIMESTAMP">2016-12-14T21:21:21.00</DAT>
<DAT name="LOCID">GLOBAL</DAT>
<DAT name="LOCTYPE">E</DAT>
<DAT name="PREFID">HTSEXT</DAT>
<DAT name="UUSERNAME">USER</DAT>
<DAT name="ACTVAL">0</DAT>
</OCC>
</TABLE>
</UNIFACE>
